6UFM|1|B|G|23,6UFM|1|B|G|24,6UFM|1|B|G|25,6UFM|1|B|A|26,6UFM|1|B|G|27,6UFM|1|B|C|3,6UFM|1|B|G|4,6UFM|1|B|A|5,6UFM|1|B|G|7,6UFM|1|B|A|8,6UFM|1|B|U|9,6UFM|1|B|C|10,5,,,,,,,,,,
4GXY|1|A|G|82,4GXY|1|A|G|83,4GXY|1|A|G|84,4GXY|1|A|A|85,4GXY|1|A|G|86,4GXY|1|A|C|139,4GXY|1|A|G|140,4GXY|1|A|A|141,4GXY|1|A|G|143,4GXY|1|A|A|144,4GXY|1|A|U|145,4GXY|1|A|C|146,5,,,,,,,,,,
1T0K|1|C|C|9,1T0K|1|C|G|10,1T0K|1|C|G|11,1T0K|1|C|A|12,1T0K|1|C|G|13,1T0K|1|D|C|54,1T0K|1|D|A|55,1T0K|1|D|G|56,1T0K|1|D|G|58,1T0K|1|D|A|59,1T0K|1|D|U|60,1T0K|1|D|G|61,5,,,,,,,,,,
4AOB|1|A|G|17,4AOB|1|A|C|18,4AOB|1|A|A|19,4AOB|1|A|A|20,4AOB|1|A|G|21,4AOB|1|A|U|31,4AOB|1|A|G|32,4AOB|1|A|A|33,4AOB|1|A|G|35,4AOB|1|A|A|36,4AOB|1|A|C|37,4AOB|1|A|C|38,5,,,,,,,,,,
6UFH|1|A|G|23,6UFH|1|A|G|24,6UFH|1|A|G|25,6UFH|1|A|A|26,6UFH|1|A|G|27,6UFH|1|A|C|3,6UFH|1|A|A|4,6UFH|1|A|U|5,6UFH|1|A|G|7,6UFH|1|A|A|8,6UFH|1|A|U|9,6UFH|1|A|C|10,5,,,,,,,,,,
6UFG|1|A|G|23,6UFG|1|A|G|24,6UFG|1|A|G|25,6UFG|1|A|A|26,6UFG|1|A|G|27,6UFG|1|A|C|3,6UFG|1|A|A|4,6UFG|1|A|U|5,6UFG|1|A|G|7,6UFG|1|A|A|8,6UFG|1|A|U|9,6UFG|1|A|C|10,5,,,,,,,,,,
5Y7M|1|D|G|29,5Y7M|1|D|G|30,5Y7M|1|D|G|31,5Y7M|1|D|A|32,5Y7M|1|D|U|33,5Y7M|1|D|A|17,5Y7M|1|D|G|18,5Y7M|1|D|A|19,5Y7M|1|D|G|21,5Y7M|1|D|A|22,5Y7M|1|D|U|23,5Y7M|1|D|C|24,5,,,,,,,,,,
5G4U|1|I|G|13,5G4U|1|I|U|14,5G4U|1|I|G|15,5G4U|1|I|A|16,5G4U|1|I|G|17,5G4U|1|J|C|3,5G4U|1|J|G|4,5G4U|1|J|A|5,5G4U|1|J|G|7,5G4U|1|J|A|8,5G4U|1|J|U|9,5G4U|1|J|C|10,5,,,,,,,,,,
4KQY|1|A|C|17,4KQY|1|A|A|18,4KQY|1|A|G|19,4KQY|1|A|A|20,4KQY|1|A|G|21,4KQY|1|A|C|31,4KQY|1|A|G|32,4KQY|1|A|A|33,4KQY|1|A|G|35,4KQY|1|A|A|36,4KQY|1|A|A|37,4KQY|1|A|G|38,5,,,,,,,,,,
5G4T|1|B|G|13,5G4T|1|B|G|14,5G4T|1|B|G|15,5G4T|1|B|A|16,5G4T|1|B|G|17,5G4T|1|A|C|3,5G4T|1|A|G|4,5G4T|1|A|A|5,5G4T|1|A|G|7,5G4T|1|A|A|8,5G4T|1|A|A|9,5G4T|1|A|C|10,5,,,,,,,,,,
5G4U|1|J|G|13,5G4U|1|J|U|14,5G4U|1|J|G|15,5G4U|1|J|A|16,5G4U|1|J|G|17,5G4U|1|I|C|3,5G4U|1|I|G|4,5G4U|1|I|A|5,5G4U|1|I|G|7,5G4U|1|I|A|8,5G4U|1|I|U|9,5G4U|1|I|C|10,5,,,,,,,,,,
5FJC|1|A|G|17,5FJC|1|A|G|18,5FJC|1|A|G|19,5FJC|1|A|A|20,5FJC|1|A|G|21,5FJC|1|A|C|31,5FJC|1|A|G|32,5FJC|1|A|A|33||A,5FJC|1|A|G|35,5FJC|1|A|A|36,5FJC|1|A|A|37,5FJC|1|A|C|38,5,,,,,,,,,,
4C4W|1|H|G|3,4C4W|1|H|C|4,4C4W|1|H|A|5,4C4W|1|H|A|6,4C4W|1|H|G|7,4C4W|1|H|U|26,4C4W|1|H|G|27,4C4W|1|H|A|28,4C4W|1|H|G|30,4C4W|1|H|A|31,4C4W|1|H|C|32,4C4W|1|H|C|33,5,,,,,,,,,,
3U4M|1|B|G|2155,3U4M|1|B|G|2156,3U4M|1|B|G|2157,3U4M|1|B|A|2158,3U4M|1|B|G|2159,3U4M|1|B|C|2129,3U4M|1|B|U|2130,3U4M|1|B|G|2131,3U4M|1|B|G|2133,3U4M|1|B|A|2134,3U4M|1|B|A|2135,3U4M|1|B|C|2136,5,,,,,,,,,,
3V7E|1|C|U|17,3V7E|1|C|G|18,3V7E|1|C|G|19,3V7E|1|C|A|20,3V7E|1|C|G|21,3V7E|1|C|C|31,3V7E|1|C|G|32,3V7E|1|C|A|33,3V7E|1|C|G|35,3V7E|1|C|A|36,3V7E|1|C|A|37,3V7E|1|C|A|38,5,,,,,,,,,,
3RW6|1|H|U|11,3RW6|1|H|A|12,3RW6|1|H|C|16,3RW6|1|H|A|17,3RW6|1|H|G|18,3RW6|1|H|C|43,3RW6|1|H|A|44,3RW6|1|H|A|45,3RW6|1|H|G|47,3RW6|1|H|A|48,3RW6|1|H|C|49,3RW6|1|H|G|50,5,,,,,,,,,,
3SIU|1|F|U|47,3SIU|1|F|G|48,3SIU|1|F|A|49,3SIU|1|F|G|50,3SIU|1|F|C|33,3SIU|1|F|A|34,3SIU|1|F|A|35,3SIU|1|F|G|37,3SIU|1|F|A|38,3SIU|1|F|G|39,4,,,,,,,,,,,,
3SIV|1|C|U|47,3SIV|1|C|G|48,3SIV|1|C|A|49,3SIV|1|C|G|50,3SIV|1|F|C|33,3SIV|1|F|A|34,3SIV|1|F|A|35,3SIV|1|F|G|37,3SIV|1|F|A|38,3SIV|1|F|G|39,4,,,,,,,,,,,,
3SIV|1|F|U|47,3SIV|1|F|G|48,3SIV|1|F|A|49,3SIV|1|F|G|50,3SIV|1|C|C|33,3SIV|1|C|A|34,3SIV|1|C|A|35,3SIV|1|C|G|37,3SIV|1|C|A|38,3SIV|1|C|G|39,4,,,,,,,,,,,,
2OZB|1|C|C|42,2OZB|1|C|G|43,2OZB|1|C|A|44,2OZB|1|C|G|45,2OZB|1|C|C|28,2OZB|1|C|A|29,2OZB|1|C|A|30,2OZB|1|C|G|32,2OZB|1|C|A|33,2OZB|1|C|G|34,4,,,,,,,,,,,,
4LCK|1|F|C|94,4LCK|1|F|G|95,4LCK|1|F|A|96,4LCK|1|F|G|97,4LCK|1|F|C|6,4LCK|1|F|G|7,4LCK|1|F|A|8,4LCK|1|F|G|10,4LCK|1|F|A|11,4LCK|1|F|G|12,4,,,,,,,,,,,,
1E7K|1|C|C|42,1E7K|1|C|G|43,1E7K|1|C|A|44,1E7K|1|C|G|45,1E7K|1|C|C|28,1E7K|1|C|A|29,1E7K|1|C|A|30,1E7K|1|C|G|32,1E7K|1|C|A|33,1E7K|1|C|G|34,4,,,,,,,,,,,,
5D8H|1|A|U|1218,5D8H|1|A|C|1219,5D8H|1|A|G|1220,5D8H|1|A|A|1221,5D8H|1|A|G|1222,5D8H|1|A|C|1153,5D8H|1|A|U|1154,5D8H|1|A|A|1155,5D8H|1|A|G|1157,5D8H|1|A|A|1158,5D8H|1|A|C|1159,5D8H|1|A|A|1160,5D8H|1|A|G|1161,5,,,,,,,,,
4BW0|1|A|G|3,4BW0|1|A|G|4,4BW0|1|A|G|5,4BW0|1|A|A|6,4BW0|1|A|G|7,4BW0|1|A|C|16,4BW0|1|A|G|17,4BW0|1|A|A|18,4BW0|1|A|G|20,4BW0|1|A|A|21,4BW0|1|A|A|22,4BW0|1|A|C|23,5,,,,,,,,,,
5FJ4|1|H|G|3,5FJ4|1|H|G|4,5FJ4|1|H|G|5,5FJ4|1|H|A|6,5FJ4|1|H|G|7,5FJ4|1|H|C|26,5FJ4|1|H|G|27,5FJ4|1|H|A|28,5FJ4|1|H|G|30,5FJ4|1|H|A|31,5FJ4|1|H|A|32,5FJ4|1|H|C|33,5,,,,,,,,,,
6DVK|1|H|C|18,6DVK|1|H|C|19,6DVK|1|H|G|20,6DVK|1|H|A|21,6DVK|1|H|G|22,6DVK|1|H|C|68,6DVK|1|H|G|69,6DVK|1|H|U|70,6DVK|1|H|G|73,6DVK|1|H|A|74,6DVK|1|H|C|75,6DVK|1|H|G|76,5,,,,,,,,,,
2VPL|1|B|G|10,2VPL|1|B|G|11,2VPL|1|B|A|12,2VPL|1|B|G|13,2VPL|1|B|C|33,2VPL|1|B|G|34,2VPL|1|B|A|35,2VPL|1|B|G|36,2VPL|1|B|A|37,2VPL|1|B|A|38,2VPL|1|B|A|39,2VPL|1|B|C|40,4,,,,,,,,,,
2HW8|1|B|G|10,2HW8|1|B|G|11,2HW8|1|B|A|12,2HW8|1|B|G|13,2HW8|1|B|C|22,2HW8|1|B|G|23,2HW8|1|B|C|24,2HW8|1|B|G|25,2HW8|1|B|A|26,2HW8|1|B|A|27,2HW8|1|B|A|28,2HW8|1|B|C|29,4,,,,,,,,,,
1U63|1|D|G|10,1U63|1|D|G|11,1U63|1|D|A|12,1U63|1|D|G|13,1U63|1|D|C|33,1U63|1|D|G|34,1U63|1|D|A|35,1U63|1|D|G|36,1U63|1|D|A|37,1U63|1|D|A|38,1U63|1|D|A|39,1U63|1|D|C|40,4,,,,,,,,,,
6HCT|1|F|A|13,6HCT|1|F|U|14,6HCT|1|F|G|15,6HCT|1|F|A|16,6HCT|1|F|A|17,6HCT|1|F|G|18,6HCT|1|E|C|2,6HCT|1|E|C|3,6HCT|1|E|G|4,6HCT|1|E|A|5,6HCT|1|E|G|7,6HCT|1|E|A|8,6HCT|1|E|A|9,6HCT|1|E|U|10,6,,,,,,,,
6HCT|1|A|A|13,6HCT|1|A|U|14,6HCT|1|A|G|15,6HCT|1|A|A|16,6HCT|1|A|A|17,6HCT|1|A|G|18,6HCT|1|B|C|2,6HCT|1|B|C|3,6HCT|1|B|G|4,6HCT|1|B|A|5,6HCT|1|B|G|7,6HCT|1|B|A|8,6HCT|1|B|A|9,6HCT|1|B|U|10,6,,,,,,,,
6HCT|1|B|A|13,6HCT|1|B|U|14,6HCT|1|B|G|15,6HCT|1|B|A|16,6HCT|1|B|A|17,6HCT|1|B|G|18,6HCT|1|A|C|2,6HCT|1|A|C|3,6HCT|1|A|G|4,6HCT|1|A|A|5,6HCT|1|A|G|7,6HCT|1|A|A|8,6HCT|1|A|A|9,6HCT|1|A|U|10,6,,,,,,,,
3NVI|1|F|C|4,3NVI|1|F|U|5,3NVI|1|F|G|6,3NVI|1|F|A|7,3NVI|1|F|C|8,3NVI|1|F|G|15,3NVI|1|F|C|16,3NVI|1|F|G|17,3NVI|1|F|G|19,3NVI|1|F|A|20,3NVI|1|F|U|21,3NVI|1|F|G|22,5,,,,,,,,,,
3NMU|1|E|C|13,3NMU|1|E|U|14,3NMU|1|E|G|15,3NMU|1|E|A|16,3NMU|1|E|C|17,3NMU|1|E|G|24,3NMU|1|E|C|25,3NMU|1|E|G|26,3NMU|1|E|G|28,3NMU|1|E|A|29,3NMU|1|E|U|30,3NMU|1|E|G|31,5,,,,,,,,,,
3Q3Z|1|V|U|54,3Q3Z|1|V|U|55,3Q3Z|1|V|G|56,3Q3Z|1|V|A|57,3Q3Z|1|V|G|58,3Q3Z|1|V|C|16,3Q3Z|1|V|A|17,3Q3Z|1|V|A|18,3Q3Z|1|V|G|20,3Q3Z|1|V|A|21,3Q3Z|1|V|U|22,3Q3Z|1|V|G|23,5,,,,,,,,,,
5XTM|1|B|C|30,5XTM|1|B|G|31,5XTM|1|B|A|32,5XTM|1|B|G|33,5XTM|1|B|C|16,5XTM|1|B|G|17,5XTM|1|B|G|18,5XTM|1|B|G|20,5XTM|1|B|A|21,5XTM|1|B|A|22,5XTM|1|B|G|23,4,,,,,,,,,,,
5XTM|1|D|C|30,5XTM|1|D|G|31,5XTM|1|D|A|32,5XTM|1|D|G|33,5XTM|1|D|C|16,5XTM|1|D|G|17,5XTM|1|D|G|18,5XTM|1|D|G|20,5XTM|1|D|A|21,5XTM|1|D|A|22,5XTM|1|D|G|23,4,,,,,,,,,,,
5DCV|1|D|C|32,5DCV|1|D|G|33,5DCV|1|D|A|34,5DCV|1|D|G|35,5DCV|1|D|C|18,5DCV|1|D|G|19,5DCV|1|D|G|20,5DCV|1|D|G|22,5DCV|1|D|A|23,5DCV|1|D|A|24,5DCV|1|D|G|25,4,,,,,,,,,,,
6SY4|1|C|C|29,6SY4|1|C|A|30,6SY4|1|C|G|31,6SY4|1|C|A|32,6SY4|1|C|G|33,6SY4|1|C|A|34,6SY4|1|C|A|35,6SY4|1|C|A|36,6SY4|1|C|A|37,6SY4|1|C|C|38,6SY4|1|C|G|6,6SY4|1|C|A|7,6SY4|1|C|G|8,6SY4|1|C|A|9,6SY4|1|C|A|10,6SY4|1|C|U|11,6SY4|1|C|G|12,6SY4|1|C|U|13,6SY4|1|C|U|14,6SY4|1|C|A|15,6SY4|1|C|G|17,6SY4|1|C|G|18,10
6SY6|1|D|C|26,6SY6|1|D|A|27,6SY6|1|D|G|28,6SY6|1|D|A|29,6SY6|1|D|G|30,6SY6|1|D|A|31,6SY6|1|D|A|32,6SY6|1|D|A|33,6SY6|1|D|A|34,6SY6|1|D|C|35,6SY6|1|D|G|5,6SY6|1|D|A|6,6SY6|1|D|G|7,6SY6|1|D|A|8,6SY6|1|D|A|9,6SY6|1|D|U|10,6SY6|1|D|G|11,6SY6|1|D|U|12,6SY6|1|D|U|13,6SY6|1|D|A|14,6SY6|1|D|G|16,6SY6|1|D|G|17,10
1U6B|1|B|G|181,1U6B|1|B|G|182,1U6B|1|B|A|183,1U6B|1|B|G|184,1U6B|1|C|C|197,1U6B|1|C|A|198,1U6B|1|C|C|199,1U6B|1|C|A|200,1U6B|1|C|A|201,1U6B|1|C|A|202,1U6B|1|C|C|203,4,,,,,,,,,,,
2R8S|1|R|G|195,2R8S|1|R|A|196,2R8S|1|R|C|197,2R8S|1|R|A|198,2R8S|1|R|G|200,2R8S|1|R|C|121,2R8S|1|R|A|122,2R8S|1|R|A|123,2R8S|1|R|C|124,2R8S|1|R|G|126,2R8S|1|R|C|127,5,,,,,,,,,,,
