6UFM|1|B|G|23,6UFM|1|B|G|24,6UFM|1|B|G|25,6UFM|1|B|A|26,6UFM|1|B|G|27,6UFM|1|B|C|3,6UFM|1|B|G|4,6UFM|1|B|A|5,6UFM|1|B|G|7,6UFM|1|B|A|8,6UFM|1|B|U|9,6UFM|1|B|C|10
4GXY|1|A|G|82,4GXY|1|A|G|83,4GXY|1|A|G|84,4GXY|1|A|A|85,4GXY|1|A|G|86,4GXY|1|A|C|139,4GXY|1|A|G|140,4GXY|1|A|A|141,4GXY|1|A|G|143,4GXY|1|A|A|144,4GXY|1|A|U|145,4GXY|1|A|C|146
7RQB|1|1A|G|81,7RQB|1|1A|G|82,7RQB|1|1A|G|83,7RQB|1|1A|A|84,7RQB|1|1A|G|85,7RQB|1|1A|C|97,7RQB|1|1A|G|98,7RQB|1|1A|U|99,7RQB|1|1A|G|102,7RQB|1|1A|A|103,7RQB|1|1A|U|104,7RQB|1|1A|C|105
1T0K|1|C|C|9,1T0K|1|C|G|10,1T0K|1|C|G|11,1T0K|1|C|A|12,1T0K|1|C|G|13,1T0K|1|D|C|54,1T0K|1|D|A|55,1T0K|1|D|G|56,1T0K|1|D|G|58,1T0K|1|D|A|59,1T0K|1|D|U|60,1T0K|1|D|G|61
4V9F|1|0|G|77,4V9F|1|0|G|78,4V9F|1|0|G|79,4V9F|1|0|A|80,4V9F|1|0|G|81,4V9F|1|0|C|93,4V9F|1|0|G|94,4V9F|1|0|A|95,4V9F|1|0|G|97,4V9F|1|0|A|98,4V9F|1|0|A|99,4V9F|1|0|C|100
4AOB|1|A|G|17,4AOB|1|A|C|18,4AOB|1|A|A|19,4AOB|1|A|A|20,4AOB|1|A|G|21,4AOB|1|A|U|31,4AOB|1|A|G|32,4AOB|1|A|A|33,4AOB|1|A|G|35,4AOB|1|A|A|36,4AOB|1|A|C|37,4AOB|1|A|C|38
6UFH|1|A|G|23,6UFH|1|A|G|24,6UFH|1|A|G|25,6UFH|1|A|A|26,6UFH|1|A|G|27,6UFH|1|A|C|3,6UFH|1|A|A|4,6UFH|1|A|U|5,6UFH|1|A|G|7,6UFH|1|A|A|8,6UFH|1|A|U|9,6UFH|1|A|C|10
6UFG|1|A|G|23,6UFG|1|A|G|24,6UFG|1|A|G|25,6UFG|1|A|A|26,6UFG|1|A|G|27,6UFG|1|A|C|3,6UFG|1|A|A|4,6UFG|1|A|U|5,6UFG|1|A|G|7,6UFG|1|A|A|8,6UFG|1|A|U|9,6UFG|1|A|C|10
5Y7M|1|D|G|29,5Y7M|1|D|G|30,5Y7M|1|D|G|31,5Y7M|1|D|A|32,5Y7M|1|D|U|33,5Y7M|1|D|A|17,5Y7M|1|D|G|18,5Y7M|1|D|A|19,5Y7M|1|D|G|21,5Y7M|1|D|A|22,5Y7M|1|D|U|23,5Y7M|1|D|C|24
7A0S|1|X|A|80,7A0S|1|X|C|81,7A0S|1|X|G|82,7A0S|1|X|A|83,7A0S|1|X|G|84,7A0S|1|X|C|96,7A0S|1|X|U|97,7A0S|1|X|U|98,7A0S|1|X|G|100,7A0S|1|X|A|101,7A0S|1|X|C|102,7A0S|1|X|U|103
5G4U|1|I|G|13,5G4U|1|I|U|14,5G4U|1|I|G|15,5G4U|1|I|A|16,5G4U|1|I|G|17,5G4U|1|J|C|3,5G4U|1|J|G|4,5G4U|1|J|A|5,5G4U|1|J|G|7,5G4U|1|J|A|8,5G4U|1|J|U|9,5G4U|1|J|C|10
4KQY|1|A|C|17,4KQY|1|A|A|18,4KQY|1|A|G|19,4KQY|1|A|A|20,4KQY|1|A|G|21,4KQY|1|A|C|31,4KQY|1|A|G|32,4KQY|1|A|A|33,4KQY|1|A|G|35,4KQY|1|A|A|36,4KQY|1|A|A|37,4KQY|1|A|G|38
4V88|1|A6|G|895,4V88|1|A6|U|896,4V88|1|A6|C|897,4V88|1|A6|A|898,4V88|1|A6|G|899,4V88|1|A6|C|910,4V88|1|A6|U|911,4V88|1|A6|U|912,4V88|1|A6|G|914,4V88|1|A6|A|915,4V88|1|A6|U|916,4V88|1|A6|U|917
5G4T|1|B|G|13,5G4T|1|B|G|14,5G4T|1|B|G|15,5G4T|1|B|A|16,5G4T|1|B|G|17,5G4T|1|A|C|3,5G4T|1|A|G|4,5G4T|1|A|A|5,5G4T|1|A|G|7,5G4T|1|A|A|8,5G4T|1|A|A|9,5G4T|1|A|C|10
5G4U|1|J|G|13,5G4U|1|J|U|14,5G4U|1|J|G|15,5G4U|1|J|A|16,5G4U|1|J|G|17,5G4U|1|I|C|3,5G4U|1|I|G|4,5G4U|1|I|A|5,5G4U|1|I|G|7,5G4U|1|I|A|8,5G4U|1|I|U|9,5G4U|1|I|C|10
5FJC|1|A|G|17,5FJC|1|A|G|18,5FJC|1|A|G|19,5FJC|1|A|A|20,5FJC|1|A|G|21,5FJC|1|A|C|31,5FJC|1|A|G|32,5FJC|1|A|A|33||A,5FJC|1|A|G|35,5FJC|1|A|A|36,5FJC|1|A|A|37,5FJC|1|A|C|38
4C4W|1|H|G|3,4C4W|1|H|C|4,4C4W|1|H|A|5,4C4W|1|H|A|6,4C4W|1|H|G|7,4C4W|1|H|U|26,4C4W|1|H|G|27,4C4W|1|H|A|28,4C4W|1|H|G|30,4C4W|1|H|A|31,4C4W|1|H|C|32,4C4W|1|H|C|33
4WF9|1|X|G|81,4WF9|1|X|G|82,4WF9|1|X|G|83,4WF9|1|X|A|84,4WF9|1|X|G|85,4WF9|1|X|C|97,4WF9|1|X|U|98,4WF9|1|X|U|99,4WF9|1|X|G|101,4WF9|1|X|A|102,4WF9|1|X|U|103,4WF9|1|X|C|104
3U4M|1|B|G|2155,3U4M|1|B|G|2156,3U4M|1|B|G|2157,3U4M|1|B|A|2158,3U4M|1|B|G|2159,3U4M|1|B|C|2129,3U4M|1|B|U|2130,3U4M|1|B|G|2131,3U4M|1|B|G|2133,3U4M|1|B|A|2134,3U4M|1|B|A|2135,3U4M|1|B|C|2136
3V7E|1|C|U|17,3V7E|1|C|G|18,3V7E|1|C|G|19,3V7E|1|C|A|20,3V7E|1|C|G|21,3V7E|1|C|C|31,3V7E|1|C|G|32,3V7E|1|C|A|33,3V7E|1|C|G|35,3V7E|1|C|A|36,3V7E|1|C|A|37,3V7E|1|C|A|38
5TBW|1|1|U|1415,5TBW|1|1|C|1416,5TBW|1|1|G|1417,5TBW|1|1|A|1418,5TBW|1|1|A|1419,5TBW|1|1|U|1388,5TBW|1|1|G|1389,5TBW|1|1|A|1390,5TBW|1|1|G|1392,5TBW|1|1|A|1393,5TBW|1|1|A|1394,5TBW|1|1|G|1395
7RQB|1|1A|U|1234,7RQB|1|1A|G|1235,7RQB|1|1A|G|1236,7RQB|1|1A|A|1237,7RQB|1|1A|G|1238,7RQB|1|1A|C|1208,7RQB|1|1A|G|1209,7RQB|1|1A|A|1210,7RQB|1|1A|G|1212,7RQB|1|1A|A|1213,7RQB|1|1A|A|1214,7RQB|1|1A|G|1215
5J7L|1|DA|U|1234,5J7L|1|DA|G|1235,5J7L|1|DA|G|1236,5J7L|1|DA|A|1237,5J7L|1|DA|G|1238,5J7L|1|DA|C|1208,5J7L|1|DA|U|1209,5J7L|1|DA|G|1210,5J7L|1|DA|G|1212,5J7L|1|DA|A|1213,5J7L|1|DA|A|1214,5J7L|1|DA|G|1215
4V9F|1|0|U|1338,4V9F|1|0|G|1339,4V9F|1|0|G|1340,4V9F|1|0|A|1341,4V9F|1|0|C|1342,4V9F|1|0|G|1312,4V9F|1|0|A|1313,4V9F|1|0|U|1314,4V9F|1|0|G|1316,4V9F|1|0|A|1317,4V9F|1|0|A|1318,4V9F|1|0|G|1319
7A0S|1|X|U|1247,7A0S|1|X|G|1248,7A0S|1|X|G|1249,7A0S|1|X|A|1250,7A0S|1|X|G|1251,7A0S|1|X|C|1221,7A0S|1|X|G|1222,7A0S|1|X|G|1223,7A0S|1|X|G|1225,7A0S|1|X|A|1226,7A0S|1|X|A|1227,7A0S|1|X|G|1228
4V9F|1|0|C|936,4V9F|1|0|C|937,4V9F|1|0|G|938,4V9F|1|0|A|939,4V9F|1|0|G|940,4V9F|1|0|U|1026,4V9F|1|0|G|1027,4V9F|1|0|U|1028,4V9F|1|0|G|1031,4V9F|1|0|A|1032,4V9F|1|0|C|1033,4V9F|1|0|G|1034
4WF9|1|X|U|1272,4WF9|1|X|G|1273,4WF9|1|X|G|1274,4WF9|1|X|A|1275,4WF9|1|X|G|1276,4WF9|1|X|C|1246,4WF9|1|X|G|1247,4WF9|1|X|U|1248,4WF9|1|X|G|1250,4WF9|1|X|A|1251,4WF9|1|X|A|1252,4WF9|1|X|G|1253
4LFB|1|A|C|242,4LFB|1|A|A|243,4LFB|1|A|C|245,4LFB|1|A|A|246,4LFB|1|A|G|247,4LFB|1|A|C|277,4LFB|1|A|G|278,4LFB|1|A|A|279,4LFB|1|A|G|281,4LFB|1|A|A|282,4LFB|1|A|C|283,4LFB|1|A|G|284
6CZR|1|1a|C|238,6CZR|1|1a|A|239,6CZR|1|1a|C|241,6CZR|1|1a|A|242,6CZR|1|1a|G|243,6CZR|1|1a|C|273,6CZR|1|1a|G|274,6CZR|1|1a|A|275,6CZR|1|1a|G|277,6CZR|1|1a|A|278,6CZR|1|1a|C|279,6CZR|1|1a|G|280
3RW6|1|H|U|11,3RW6|1|H|A|12,3RW6|1|H|C|16,3RW6|1|H|A|17,3RW6|1|H|G|18,3RW6|1|H|C|43,3RW6|1|H|A|44,3RW6|1|H|A|45,3RW6|1|H|G|47,3RW6|1|H|A|48,3RW6|1|H|C|49,3RW6|1|H|G|50
5J7L|1|AA|G|242,5J7L|1|AA|A|243,5J7L|1|AA|U|245,5J7L|1|AA|A|246,5J7L|1|AA|G|247,5J7L|1|AA|C|277,5J7L|1|AA|G|278,5J7L|1|AA|A|279,5J7L|1|AA|G|281,5J7L|1|AA|A|282,5J7L|1|AA|U|283,5J7L|1|AA|C|284
4V88|1|A6|U|311,4V88|1|A6|A|312,4V88|1|A6|C|314,4V88|1|A6|A|315,4V88|1|A6|A|316,4V88|1|A6|U|348,4V88|1|A6|U|349,4V88|1|A6|U|350,4V88|1|A6|A|352,4V88|1|A6|A|353,4V88|1|A6|C|354,4V88|1|A6|G|355
